Dimension,Code,Title,ParentDimension,ParentCode,ParentTitle
GHO,LIFE_0000000029,nMx - age-specific death rate between ages x and x+n,,,
GHO,LIFE_0000000030,nqx - probability of dying between ages x and x+n,,,
GHO,LIFE_0000000031,lx - number of people left alive at age x,,,
GHO,LIFE_0000000032,ndx - number of people dying between ages x and x+n,,,
GHO,LIFE_0000000033,nLx - person-years lived between ages x and x+n,,,
GHO,LIFE_0000000034,Tx - person-years lived above age x,,,
GHO,LIFE_0000000035,ex - expectation of life at age x,,,
GHO,WHOSIS_000001,Life expectancy at birth (years),,,
GHO,WHOSIS_000002,Healthy life expectancy (HALE) at birth (years),,,
GHO,WHOSIS_000007,Healthy life expectancy (HALE) at age 60 (years),,,
GHO,WHOSIS_000015,Life expectancy at age 60 (years),,,
